,pred_log_pm25,lat,lon,obs_pm25
0,0.44225588,43.13861083984375,-80.29264068603516,5.5
1,1.3111924,33.5531005859375,-86.81500244140625,3.35
2,1.3440638,33.33110046386719,-87.00360107421875,2.4
3,1.3115534,33.5452995300293,-86.5491943359375,3.05
4,1.3141729,33.49969863891602,-86.92420196533203,3.2
5,1.1141422,34.69169616699219,-86.59169006347656,3.3
6,1.4541664,32.41281127929688,-86.26339721679688,4.15
7,1.4619212,32.36252975463867,-88.27792358398438,2.7
8,1.2459861,34.24388885498047,-113.5586090087891,3.7
9,1.2938546,33.50360107421875,-112.0950012207031,3.25
10,1.4929894,31.33720397949219,-110.9367218017578,2.05
11,1.3840942,32.69027709960938,-114.6144409179688,2.15
12,1.0884423,34.75605773925781,-92.28103637695312,2.6
13,1.172321,37.81480026245117,-122.2823944091797,2.0
14,1.3267756,33.58309936523438,-117.0721969604492,1.7
15,1.1861724,38.56843948364258,-121.4931106567383,1.4
16,1.188937,38.68330383300781,-121.1644668579102,2.5
17,1.37679,32.8422966003418,-116.7683258056641,0.9
18,1.3538218,33.21702575683594,-117.3961639404297,1.75
19,1.3890594,32.57936096191406,-116.9294891357422,1.1
20,1.3788611,32.7895622253418,-116.9442138671875,1.1
21,1.2899512,35.02079391479492,-120.5638961791992,3.0
22,1.2031069,37.34830093383789,-121.8946990966797,5.0
23,1.1839818,37.64216613769531,-120.9942016601562,2.5
24,1.19589,39.73860168457031,-104.9393920898438,2.65
25,1.1910418,39.77939987182617,-105.0052261352539,3.45
26,1.2018787,38.84799957275391,-104.8285980224609,2.35
27,1.1041783,37.13677978515625,-107.6286315917969,1.35
28,1.1101373,37.10258102416992,-107.8702163696289,1.6
29,0.85274214,39.76110076904297,-75.49189758300781,1.0
30,0.8662152,38.65390014648438,-75.61060333251953,1.55
31,1.2178693,28.05419731140137,-80.62830352783203,1.65
32,1.8157139,26.29059982299805,-80.0969009399414,2.4
33,1.4658064,30.17829895019531,-82.61920166015625,8.2
34,1.4622335,30.13579940795898,-81.63390350341797,3.6
35,1.4615884,30.26280975341797,-81.60684204101562,2.95
36,1.421348,27.95513343811035,-82.46952819824219,4.2
37,1.3788543,27.96590042114258,-82.23060607910156,3.95
38,1.9273891,26.60280227661133,-81.87889862060547,3.05
39,1.413221,29.17079734802246,-82.10079956054688,6.85
40,1.8302964,27.17245674133301,-80.24069213867188,3.7
41,1.8262057,25.79470062255859,-80.2155990600586,3.25
42,1.2962176,28.59970283508301,-81.36280822753906,2.65
43,1.5546628,28.34779739379883,-81.63670349121094,2.9
44,1.863289,26.72416687011719,-80.66305541992188,3.9
45,1.3629495,27.97110176086426,-82.73609924316406,2.9
46,1.2888707,28.09029960632324,-82.70079803466797,3.3
47,1.5103942,30.39419937133789,-87.00810241699219,6.35
48,1.4848514,30.08419990539551,-84.16169738769531,5.25
49,1.4549537,32.09030151367188,-81.13059997558594,3.35
50,1.3010128,33.92499923706055,-83.35749816894531,3.4
51,1.3296218,33.69060134887695,-84.27310180664062,5.95
52,1.4665648,31.57670211791992,-84.10020446777344,4.25
53,1.4755968,31.16940116882324,-81.49639892578125,3.3
54,1.283388,33.96360015869141,-84.06639099121094,3.2
55,1.2055528,34.30030059814453,-83.81390380859375,3.9
56,1.3436813,33.43470001220703,-84.16169738769531,3.65
57,1.449993,32.60559844970703,-83.597900390625,3.1
58,1.485425,30.84860229492188,-83.29329681396484,6.15
59,1.3496246,33.43330001831055,-82.02189636230469,2.85
60,1.5164641,43.82301712036133,-115.8385467529297,2.5
61,1.383308,43.80948638916016,-111.8004760742188,2.7
62,0.64782023,44.26169586181641,-116.9791717529297,3.3
63,0.3482603,41.67079925537109,-87.73249816894531,0.95
64,0.34964076,41.75469970703125,-87.71359252929688,0.9
65,0.34828755,41.86433029174805,-87.74882507324219,1.2
66,0.35985446,41.77140045166016,-88.1521987915039,2.2
67,0.6146648,38.08890151977539,-88.625,1.35
68,0.5917092,39.1014404296875,-90.34449768066406,1.5
69,0.37629545,42.22109985351562,-88.24110412597656,1.25
70,0.660506,40.51689910888672,-88.99749755859375,1.95
71,0.47252837,39.86690521240234,-88.92559814453125,1.05
72,0.68622524,38.70449829101562,-90.13970184326172,1.75
73,0.6638655,38.860595703125,-90.10579681396484,1.25
74,0.5792113,40.69779968261719,-89.58890533447266,1.8
75,0.6405445,38.17610168457031,-89.78829956054688,1.25
76,0.7361727,38.61189270019531,-90.16061401367188,1.6
77,0.48095617,39.83192443847656,-89.6441650390625,1.75
78,0.34671125,41.52688598632812,-88.11647033691406,1.3
79,0.4396856,41.22219848632812,-88.19059753417969,1.05
80,0.5313359,38.98555755615234,-86.989990234375,0.85
81,0.4704244,40.00954437255859,-85.52346801757812,1.75
82,0.3386716,41.6065673828125,-87.30502319335938,1.45
83,0.3413615,41.59442901611328,-87.49504089355469,1.05
84,0.51668197,40.12568664550781,-85.65213012695312,1.55
85,0.42425165,39.81083297729492,-86.11444091796875,1.45
86,0.42279375,39.78793334960938,-86.13088989257812,1.6
87,0.383581,39.15937042236328,-86.50474548339844,1.5
88,0.34496966,41.6966667175293,-86.2147216796875,0.85
89,0.4324638,41.16972351074219,-85.62944793701172,1.8
90,0.40031776,41.65819549560547,-91.50347900390624,2.1
91,0.8998081,38.83860015869141,-94.74639892578124,2.65
92,0.72898626,37.67695617675781,-95.47593688964844,1.55
93,0.7741906,37.70110321044922,-97.31390380859376,1.4
94,0.9118808,39.11750030517578,-94.6355972290039,2.25
95,0.57319474,38.45920181274414,-82.63389587402344,1.9
96,0.60878634,39.02169799804688,-84.47441101074219,1.2
97,0.6253219,38.23830032348633,-82.98829650878906,1.75
98,0.89311665,36.91166687011719,-87.3236083984375,2.45
99,0.5861421,38.22859954833984,-85.65440368652344,0.9
100,0.58667344,38.2315788269043,-85.82675170898438,0.85
101,0.6151262,37.8932991027832,-84.58920288085938,3.4
102,0.85749197,37.28310012817383,-83.22029113769531,3.0
103,1.500028,30.26249885559082,-93.28500366210938,3.0
104,1.548131,30.46220016479492,-91.17689514160156,5.3
105,1.5184755,30.04109954833984,-90.27279663085938,4.05
106,1.515056,30.31499862670898,-90.8114013671875,4.7
107,1.5156437,29.99601364135742,-90.1181869506836,3.75
108,1.4999491,29.94309997558594,-89.9760971069336,4.3
109,0.36010733,42.27809906005859,-85.54190063476562,1.1
110,0.42215386,42.38599395751953,-83.26632690429688,2.5
111,0.33295086,43.99469757080078,-92.44969177246094,1.5
112,1.2937971,33.75083160400391,-90.73416137695312,2.65
113,1.0752848,34.82063674926758,-89.98778533935547,5.3
114,1.503976,30.3009147644043,-89.39595031738281,3.9
115,1.5201854,30.39012336730957,-89.04975128173828,3.65
116,1.4761019,32.32904052734375,-90.18264770507812,2.9
117,1.4695989,32.34673309326172,-90.22576141357422,3.2
118,1.5178989,30.3780517578125,-88.53387451171875,3.3
119,1.2140992,36.10638809204102,-115.2533264160156,1.85
120,1.2160026,36.00750350952148,-115.2630615234375,3.1
121,1.2133495,36.16975784301758,-115.2630386352539,1.75
122,1.2142217,36.17341613769531,-115.3327178955078,2.8
123,1.209763,36.27058792114258,-115.2382736206055,1.2
124,1.2110308,36.14187622070312,-115.0787506103516,1.65
125,1.2112905,36.16396331787109,-115.1139373779297,1.8
126,1.2088727,36.21446990966797,-115.0914459228516,1.9
127,1.1031708,35.13529968261719,-106.5847015380859,1.8
128,1.0933113,35.18780136108398,-106.6038970947266,2.0
129,0.3585975,42.09719848632812,-77.21029663085938,0.75
130,1.2118502,36.02598190307617,-80.34225463867188,2.25
131,1.2645389,36.10900497436523,-79.80231475830078,0.35
132,1.1120325,35.2411003112793,-80.78309631347656,2.5
133,1.1572982,35.85610961914062,-78.57416534423828,2.75
134,0.4420116,47.18579864501953,-101.4281005859375,1.0
135,0.5285128,39.08280181884766,-84.14409637451172,1.0
136,0.45508185,40.00273895263672,-82.9944076538086,1.45
137,0.4921353,40.1110954284668,-83.06538391113281,1.25
138,0.4847264,40.08780288696289,-82.95957946777344,1.65
139,0.4197595,39.12886047363281,-84.5040512084961,1.0
140,0.5639133,38.50811386108398,-82.6593017578125,1.55
141,0.3286868,41.64406585693359,-83.54624938964844,0.95
142,0.3464009,41.71939849853516,-83.4749984741211,1.25
143,0.41386834,39.75823593139648,-84.19737243652344,0.95
144,0.4199178,39.83562469482422,-84.72048950195312,1.05
145,0.54315525,38.75459671020508,-82.91699981689453,1.1
146,0.83774334,36.69718551635742,-97.0812759399414,0.55
147,0.97883874,35.50296783447266,-97.5776824951172,3.2
148,1.067082,34.90608215332031,-95.79412841796876,1.25
149,0.91139823,35.95249938964844,-96.0032958984375,1.95
150,0.890076,36.20669937133789,-95.97640228271484,3.25
151,1.0388045,43.58924865722656,-119.0483016967773,1.7
152,0.86657196,42.62322616577148,-122.8101654052734,0.5
153,0.48044252,42.22989273071289,-122.7876968383789,1.5
154,0.42935324,42.19409942626953,-122.7085876464844,1.9
155,0.6263551,42.16170120239258,-123.6483535766602,1.7
156,0.007834831,44.06722259521484,-123.141357421875,3.85
157,-0.0014228629,44.02629852294922,-123.0837707519531,3.0
158,0.03208926,44.04668045043945,-123.0177383422852,3.15
159,0.34916338,43.74436187744141,-122.4805068969727,1.95
160,0.31947878,43.79949951171875,-123.0535049438477,2.85
161,0.042107582,44.75116348266602,-122.4785079956055,2.6
162,-0.045397867,45.01499938964844,-122.7903747558594,1.85
163,0.29255572,44.943115234375,-123.0059204101562,1.9
164,0.87473935,45.30087661743164,-117.8128967285156,1.5
165,0.8151223,45.60242462158203,-121.2033843994141,2.5
166,0.7515524,45.39916229248047,-122.7455062866211,2.0
167,0.611592,39.92330169677734,-77.30809783935547,0.6
168,0.51027775,40.32389831542969,-79.86830139160156,1.1
169,0.60429406,40.51499938964844,-78.38890075683594,0.4
170,0.5215976,40.30970001220703,-78.91580200195312,1.0
171,0.604318,40.27219772338867,-76.681396484375,0.3
172,0.55238956,40.04669952392578,-76.2833023071289,0.7
173,0.56043196,40.04389953613281,-76.11250305175781,0.7
174,0.6680351,39.99139022827148,-75.08082580566406,1.1
175,0.7773676,39.92251586914062,-75.18678283691406,0.95
176,0.72640234,39.96030044555664,-75.14240264892578,1.15
177,0.47943887,40.14690017700195,-79.90328979492188,0.9
178,0.48706636,40.26900100708008,-80.24400329589844,0.85
179,0.5096758,40.30530166625977,-79.506103515625,1.15
180,0.6007292,39.96530151367188,-76.69940185546875,0.75
181,1.4313172,32.94100189208984,-79.65699768066406,3.55
182,1.1765416,34.61529922485352,-80.19889831542969,3.35
183,1.2300824,34.21429824829102,-79.76730346679688,3.85
184,1.1275808,34.95560073852539,-81.92479705810547,2.85
185,0.44976792,44.34860229492188,-96.80729675292967,2.75
186,0.15912212,43.74694442749023,-101.9411163330078,4.15
187,1.0378389,35.05100631713867,-85.29287719726562,2.55
188,1.6202298,29.4239330291748,-98.58050537109376,6.3
189,1.4590278,29.52939796447754,-98.3913803100586,5.0
190,1.4771436,29.86458206176758,-97.66487121582033,6.65
191,2.0438912,26.07330131530762,-97.16670989990234,6.0
192,1.4814194,31.76560211181641,-106.4550018310547,3.05
193,1.5014777,31.66751861572266,-106.2877349853516,2.1
194,1.6628755,29.26309967041016,-94.8563995361328,3.55
195,1.4953775,29.90110015869141,-95.32611083984376,4.5
196,1.4715673,29.72329902648926,-95.63580322265624,4.2
197,1.4793829,29.76810073852539,-95.22059631347656,5.0
198,1.4653362,29.58309936523438,-95.01559448242188,4.45
199,1.4845897,29.81452941894531,-95.38768768310548,3.95
200,1.4885422,30.21463394165039,-98.08331298828124,6.45
201,2.040408,26.22622680664062,-98.29106903076172,5.2
202,2.0411952,26.28862190246582,-98.15206909179688,5.35
203,2.0449655,27.42689895629883,-97.29859161376952,6.75
204,1.4967318,31.65309715270996,-97.0706024169922,7.8
205,1.5868845,28.70460510253906,-100.4511566162109,14.65
206,1.5324451,30.35029983520508,-95.4250030517578,7.25
207,1.5279955,30.35420036315918,-97.760009765625,7.0
208,1.4929835,30.26330184936523,-97.71310424804688,5.65
209,2.037464,27.59939956665039,-99.5333023071289,9.55
210,0.3075558,41.84277725219727,-111.8519439697266,1.7
211,1.2347716,39.59579849243164,-110.7699890136719,1.0
212,0.41981193,40.89800262451172,-111.885498046875,2.45
213,1.1674603,40.2943000793457,-110.0089950561523,0.95
214,0.4441094,40.73350143432617,-111.871696472168,2.75
215,0.37407315,40.79550170898438,-111.9308929443359,2.85
216,1.0492312,40.4647216796875,-109.5608291625977,0.85
217,1.1293663,40.34140014648438,-111.7136077880859,3.45
218,1.1719104,40.13639831542969,-111.6602020263672,3.5
219,0.16351454,41.30279922485352,-111.9882965087891,1.85
220,0.74526817,38.07656860351562,-78.50396728515625,1.2
221,1.1909919,37.34437942504883,-77.25924682617188,0.95
222,1.1827652,37.35747909545898,-77.59355163574219,1.9
223,0.83124644,38.77334976196289,-77.10469055175781,1.25
224,0.7018488,39.28102111816406,-78.08157348632812,1.6
225,0.96719456,37.5565185546875,-77.4002685546875,1.85
226,0.90486115,39.02473449707031,-77.48925018310547,1.55
227,0.9989279,37.28342056274414,-79.884521484375,2.7
228,0.69033164,38.47753143310547,-78.81951904296875,1.95
229,1.2027912,37.10372924804688,-76.38702392578125,2.5
230,1.3218662,36.85554885864258,-76.30135345458984,2.05
231,0.10611192,48.11500549316406,-123.4364471435547,6.15
232,0.2530038,47.13029479980469,-119.272590637207,2.75
233,0.17757078,48.12910079956055,-122.7789001464844,1.7
234,0.087050624,47.52970123291016,-122.3202972412109,3.95
235,0.32603434,47.22634124755859,-122.4625701904297,4.75
236,0.63040143,48.46540069580078,-122.5599899291992,3.75
237,0.35976744,48.05431365966797,-122.1715240478516,6.0
238,0.051395837,47.69969940185547,-117.4263000488281,2.35
239,-0.024821782,46.72449493408203,-117.1800994873047,2.35
240,0.03475001,46.81529998779297,-117.8738861083984,2.65
241,0.15025331,47.23130416870117,-117.3684997558594,2.85
242,0.5773547,43.10079956054688,-89.3572006225586,2.35
243,0.5812755,42.69213104248047,-90.69637298583984,3.05
244,0.49290156,43.01780319213867,-87.93330383300781,1.15
245,1.4822226,31.29129409790039,-110.9515151977539,2.6
246,0.43326053,41.75612640380859,-124.2034683227539,4.0
247,1.3843406,32.71017837524414,-117.1426544189453,1.6
248,1.2543052,36.13579559326172,-118.810791015625,0.95
249,1.1006031,37.46943283081055,-105.8789672851562,1.8
250,1.161435,37.93794631958008,-107.8131790161133,2.15
251,0.8008602,39.15499877929688,-75.51806640625,1.85
252,1.4249223,29.5661506652832,-82.26606750488281,4.35
253,1.8232132,26.2940502166748,-80.17634582519531,1.9
254,1.4828581,30.3546142578125,-81.54779052734375,3.15
255,1.4885607,30.42602729797363,-82.79534912109375,6.15
256,1.8478832,25.47824859619141,-80.48374938964844,2.9
257,1.3843135,28.4463005065918,-81.41743469238281,2.65
258,1.8275146,26.68760681152344,-80.21961975097656,2.75
259,1.8157915,26.45694351196289,-80.09278106689453,2.4
260,1.9553553,27.75704193115234,-82.66180419921875,3.5
261,1.452314,32.42739868164062,-84.9457015991211,3.2
262,1.0504919,34.97840118408203,-85.29429626464844,2.65
263,1.4160538,32.96720123291016,-82.80699920654297,4.95
264,0.56621397,40.12305450439453,-88.24017333984375,1.35
265,0.3452526,41.5786018371582,-87.55738830566406,0.8
266,0.3591337,41.80117034912109,-87.83193969726562,0.55
267,0.356132,41.78276062011719,-87.80537414550781,1.0
268,0.3647634,41.78470993041992,-88.24220275878906,1.05
269,0.370312,42.02130889892578,-88.2829818725586,1.45
270,0.6914541,38.70063018798828,-90.14476013183594,1.35
271,0.39448914,42.26699829101562,-89.08917236328125,1.85
272,0.41787848,41.08183670043945,-85.08834075927734,1.25
273,0.52182823,40.19950103759766,-85.38790893554688,2.05
274,0.62362415,38.39179992675781,-86.92967224121094,0.9
275,0.3509847,41.70693969726562,-86.89111328125,0.95
276,0.57899594,38.17010116577148,-86.98721313476562,1.05
277,0.6779435,37.71451187133789,-85.87081909179688,1.15
278,0.8996517,38.77841186523438,-75.86963653564453,1.75
279,0.8938586,38.17654037475586,-75.70149230957031,1.7
280,0.4094393,42.88536834716797,-85.67977905273438,2.55
281,1.0698861,44.13619232177734,-93.98103332519533,1.55
282,1.1029692,35.06356430053711,-106.6475067138672,2.85
283,1.1066476,35.28179168701172,-80.85147094726562,2.75
284,0.33148047,39.49071884155273,-84.36373901367188,1.7
285,0.44087887,39.91250991821289,-83.01158905029297,0.8
286,0.46226862,39.10491943359375,-84.55116271972656,1.2
287,-0.03986704,44.56580352783203,-123.2927093505859,0.85
288,0.8946715,45.29140853881836,-122.3326263427734,1.9
289,1.0518296,43.36257553100586,-124.2188568115234,0.7
290,0.6866932,42.05459594726562,-124.2767791748047,0.75
291,0.031271655,44.09362030029297,-121.2725143432617,1.8
292,0.08035554,44.02428436279297,-121.3309555053711,0.9
293,0.12428247,43.86895751953125,-121.4342575073242,1.1
294,0.08942147,44.05465698242188,-121.2940521240234,1.35
295,0.0060739107,44.27500152587891,-121.1905059814453,1.65
296,0.4406859,43.70375823974609,-121.5272903442383,1.8
297,0.34659946,45.68513488769531,-121.527473449707,1.75
298,0.6638315,42.33240127563477,-122.8890991210938,2.0
299,0.52941674,43.98964309692383,-124.1093063354492,2.0
300,0.0035894979,44.07635498046875,-123.0368957519531,3.1
301,0.08136754,44.62439727783203,-123.940071105957,0.8
302,0.27850768,44.97656631469727,-122.9763107299805,0.95
303,0.8442549,45.14314270019531,-122.8547058105469,1.0
304,0.27405298,45.49620056152344,-122.4833984375,1.65
305,0.27578524,45.47142028808594,-122.6014709472656,1.25
306,0.29986027,45.52771759033203,-122.6511535644531,0.95
307,0.29160568,45.51813507080078,-122.6884002685547,1.15
308,-0.1218682,45.56220245361328,-122.5756225585938,1.85
309,0.29852638,44.922607421875,-123.3019409179688,0.8
310,0.5151241,45.4547233581543,-123.8199920654297,1.2
311,0.904309,45.21955871582031,-123.192985534668,0.9
312,0.5584707,40.49979019165039,-80.07135009765625,1.35
313,0.4994003,40.29438018798828,-79.88529968261719,1.1
314,0.473424,39.91766357421875,-79.80549621582031,1.0
315,1.4488083,29.63513946533203,-98.4176788330078,6.1
316,1.575045,30.62740707397461,-96.3628387451172,6.0
317,2.0434926,25.90091133117676,-97.50778198242188,2.5
318,1.6605936,30.57915115356445,-97.41647338867188,5.95
319,0.7394293,40.59805679321289,-111.8941650390625,1.75
320,0.38840714,40.777099609375,-111.9450073242188,2.25
321,0.4052273,40.76652526855469,-111.8283538818359,2.35
322,0.5592556,40.662841796875,-111.9018020629883,3.0
323,0.9698222,40.49795913696289,-111.3976135253906,2.1
324,0.82237977,38.76839828491211,-77.1834716796875,1.3
325,1.3167348,36.84188079833984,-76.18122863769531,2.35
326,0.1294794,47.28139877319336,-122.2232894897461,3.6
327,1.1547993,48.94770050048828,-122.1470947265625,3.95
328,0.5991812,38.41024017333984,-82.43243408203125,1.65
329,1.3167615,33.71968841552734,-116.189697265625,1.85
330,1.1328777,34.91262817382812,-80.87428283691406,3.0
